date,elec,indu,leap,bef,aft
2012/1/1,22.2,17,0,1,1
2012/2/1,26.3,19.5,0.75,0,0
2012/3/1,30.7,24.2,0,0,0
2012/4/1,28.1,22.2,0,0,0
2012/5/1,29.1,24.2,0,0,0
2012/6/1,29.1,24.3,0,0,0
2012/7/1,34.2,27.9,0,0,0
2012/8/1,33.2,25.1,0,0,0
2012/9/1,28.6,21,0,0,0
2012/10/1,28,22.1,0,0,0
2012/11/1,29.1,24,0,0,0
2012/12/1,32.7,26.5,0,0,0
2013/1/1,32.3,24.9,0,0,0
2013/2/1,22.4,16,-0.25,1,1
2013/3/1,30.1,23.7,0,0,0
2013/4/1,30.3,24.4,0,0,0
2013/5/1,31.2,26.1,0,0,0
2013/6/1,31.2,26,0,0,0
2013/7/1,39.4,32,0,0,0
2013/8/1,40.9,30.9,0,0,0
2013/9/1,33.1,22,0,0,0
2013/10/1,31.9,24.4,0,0,0
2013/11/1,32.7,27.2,0,0,0
2013/12/1,35.7,30.5,0,0,0
2014/1/1,30.1,23.2,0,1,0.125
2014/2/1,29.2,22.1,-0.25,0,0.875
2014/3/1,33,25.8,0,0,0
2014/4/1,31.3,25.5,0,0,0
2014/5/1,32.1,26.6,0,0,0
2014/6/1,31.9,26.4,0,0,0
2014/7/1,36.3,29.8,0,0,0
2014/8/1,35.4,27.7,0,0,0
2014/9/1,33.2,25.1,0,0,0
2014/10/1,32.7,26.3,0,0,0
2014/11/1,33,27.2,0,0,0
2014/12/1,36.9,30.4,0,0,0
2015/1/1,36,28.6,0,0,0
2015/2/1,26.7,20.2,-0.25,1,1
2015/3/1,32.2,25.9,0,0,0
2015/4/1,31.8,25.1,0,0,0
2015/5/1,33.7,27.2,0,0,0
2015/6/1,32.4,27.1,0,0,0
2015/7/1,34.8,28,0,0,0
2015/8/1,37.7,30.1,0,0,0
2015/9/1,34.3,24.8,0,0,0
2015/10/1,33.2,25.8,0,0,0
2015/11/1,34.4,28.5,0,0,0
2015/12/1,39,32.5,0,0,0
2016/1/1,37.1,28.1,0,0.125,0
2016/2/1,23.6,16.5,0.75,0.875,1
2016/3/1,36.1,28.4,0,0,0
2016/4/1,34.8,28.3,0,0,0
2016/5/1,34.9,29.2,0,0,0
2016/6/1,35.2,28.7,0,0,0
2016/7/1,41,32.9,0,0,0
2016/8/1,42.6,31.3,0,0,0
2016/9/1,35.4,23.8,0,0,0
2016/10/1,35.1,26.4,0,0,0
2016/11/1,36.8,30.4,0,0,0
2016/12/1,37.2,30.7,0,0,0
2017/1/1,31.5,23.8,0,1,0.5
2017/2/1,30.9,22,-0.25,0,0.5
2017/3/1,37.4,28,0,0,0
2017/4/1,34.3,26.8,0,0,0
2017/5/1,36.3,29.4,0,0,0
2017/6/1,37.8,30.8,0,0,0
2017/7/1,47.5,38.5,0,0,0
2017/8/1,44.5,31.7,0,0,0
2017/9/1,37.3,25.4,0,0,0
2017/10/1,36.6,26.6,0,0,0
2017/11/1,38.4,32.1,0,0,0
2017/12/1,42.7,36.2,0,0,0
2018/1/1,45.1,34.1,0,0,0
2018/2/1,28.9,20.1,-0.25,1,1
2018/3/1,39.4,29.1,0,0,0
2018/4/1,38.1,29.7,0,0,0
2018/5/1,39,31.4,0,0,0
2018/6/1,39.1,31.8,0,0,0
2018/7/1,48,38.3,0,0,0
2018/8/1,49.5,35.9,0,0,0
2018/9/1,41.9,28.6,0,0,0
2018/10/1,38.5,27.5,0,0,0
2018/11/1,38.2,31.4,0,0,0
2018/12/1,44.2,35.2,0,0,0
2019/1/1,42.9,32.8,0,0.5,0
2019/2/1,31.8,20.3,-0.25,0.5,1
2019/3/1,41.3,30.3,0,0,0
2019/4/1,38.7,30,0,0,0
2019/5/1,38.3,29.9,0,0,0
2019/6/1,39.8,31.9,0,0,0
2019/7/1,49,39,0,0,0
2019/8/1,51.1,38.3,0,0,0
2019/9/1,43.3,30.4,0,0,0
2019/10/1,42,31.8,0,0,0
2019/11/1,41.8,33.6,0,0,0
2019/12/1,45.9,37,0,0,0
2020/1/1,38.4,28.3,0,1,0.875
2020/2/1,23.4,14.7,0.75,0,0.125
2020/3/1,40.3,30.5,0,0,0
2020/4/1,40.3,32.2,0,0,0
2020/5/1,41.7,33.3,0,0,0
2020/6/1,44.6,35.7,0,0,0
2020/7/1,47.5,37.2,0,0,0
2020/8/1,57.8,44.5,0,0,0
2020/9/1,47.5,33.2,0,0,0
2020/10/1,44.2,32.3,0,0,0
2020/11/1,44.6,35.9,0,0,0
2020/12/1,52.4,42.4,0,0,0
2021/1/1,52.4,40.3,0,0,0
2021/2/1,32.5,21.6,-0.25,1,1
2021/3/1,47.8,36.2,0,0,0
2021/4/1,45.8,36.5,0,0,0
2021/5/1,47.8,38.7,0,0,0
2021/6/1,51.2,40.9,0,0,0
2021/7/1,57.9,45.1,0,0,0
2021/8/1,56.8,42.6,0,0,0
2021/9/1,51,35.3,0,0,0
2021/10/1,46.3,33.6,0,0,0
2021/11/1,46.3,36.1,0,0,0
2021/12/1,52.5,42.9,0,0,0
2022/1/1,49.2,38,0,1,0
2022/2/1,41.7,29.1,-0.25,0,1
2022/3/1,46.5,34.9,0,0,0
2022/4/1,44.5,34.8,0,0,0
2022/5/1,46.5,37.6,0,0,0
2022/6/1,53,41.7,0,0,0
2022/7/1,64,47.6,0,0,0
2022/8/1,65.8,46.4,0,0,0
2022/9/1,49.8,31.3,0,0,0
2022/10/1,47.7,34.5,0,0,0
2022/11/1,47.1,37.3,0,0,0
2022/12/1,53.5,43.4,0,0,0
2023/1/1,39.6,27.6,0,1,1
2023/2/1,47.1,33.1,0,0,0
2023/3/1,50.2,37.7,0,0,0
2023/4/1,46.8,36,0,0,0
2023/5/1,49.3,39,0,0,0
2023/6/1,52.6,39.6,0,0,0
2023/7/1,63.2,43.8,0,0,0
2023/8/1,64.4,44.9,0,0,0
2023/9/1,54.4,41.1,0,0,0
2023/10/1,49.8,39.6,0,0,0
2023/11/1,50.1,39.4,0,0,0
2023/12/1,57.6,41.7,0,0,0
2024/1/1,57.9,41.2,0,0,0
2024/2/1,38.7,24.2,0.75,1,1
2024/3/1,53.1,40.8,0,0,0
2024/4/1,50.3,40.3,0,0,0
2024/5/1,52,41.1,0,0,0
2024/6/1,54,40.7,0,0,0
2024/7/1,67.9,45,0,0,0
2024/8/1,70.9,45.4,0,0,0
2024/9/1,61.3,43.2,0,0,0
2024/10/1,51.1,40.3,0,0,0
2024/11/1,51.6,40.6,0,0,0
2024/12/1,59.4,44,0,0,0
2025/1/1,50.2,34.7,0,1,0.375
2025/2/1,46.9,32.7,-0.25,0,0.625
2025/3/1,55.8,43.2,0,0,0
2025/4/1,52.3,41.6,0,0,0
2025/5/1,53.9,41.9,0,0,0
2025/6/1,58.4,43.7,0,0,0
2025/7/1,72.8,48.7,0,0,0
2025/8/1,74.8,49.4,0,0,0
2025/9/1,65.7,47.2,0,0,0
2025/10/1,57.6,43.7,0,0,0
2025/11/1,54.6,42.7,0,0,0
2025/12/1,59.8,45.2,0,0,0
