date,elec,leap,bef,aft
2012/1/1,40.5289,0,1,1
2012/2/1,46.2695,0.75,0,0
2012/3/1,53.8775,0,0,0
2012/4/1,53.3135,0,0,0
2012/5/1,65.389,0,0,0
2012/6/1,65.7674,0,0,0
2012/7/1,70.6911,0,0,0
2012/8/1,74.1988,0,0,0
2012/9/1,63.4502,0,0,0
2012/10/1,56.5572,0,0,0
2012/11/1,50.5533,0,0,0
2012/12/1,52.5618,0,0,0
2013/1/1,51.8234,0,0,0
2013/2/1,33.9925,-0.25,1,1
2013/3/1,54.1389,0,0,0
2013/4/1,53.705,0,0,0
2013/5/1,63.5747,0,0,0
2013/6/1,69.2244,0,0,0
2013/7/1,72.7637,0,0,0
2013/8/1,73.141,0,0,0
2013/9/1,68.4337,0,0,0
2013/10/1,58.8688,0,0,0
2013/11/1,54.8399,0,0,0
2013/12/1,56.1848,0,0,0
2014/1/1,47.415951,0,1,0.125
2014/2/1,41.6261,-0.25,0,0.875
2014/3/1,56.7963,0,0,0
2014/4/1,58.006,0,0,0
2014/5/1,66.6589,0,0,0
2014/6/1,76.7263,0,0,0
2014/7/1,83.4114,0,0,0
2014/8/1,80.4939,0,0,0
2014/9/1,75.7682,0,0,0
2014/10/1,64.338,0,0,0
2014/11/1,56.8348,0,0,0
2014/12/1,57.7492,0,0,0
2015/1/1,56.726,0,0,0
2015/2/1,36.613,-0.25,1,1
2015/3/1,56.0354,0,0,0
2015/4/1,60.0134,0,0,0
2015/5/1,70.0389,0,0,0
2015/6/1,79.1066,0,0,0
2015/7/1,81.1333,0,0,0
2015/8/1,82.2545,0,0,0
2015/9/1,74.2056,0,0,0
2015/10/1,64.5584,0,0,0
2015/11/1,59.8291,0,0,0
2015/12/1,58.8091,0,0,0
2016/1/1,57.7358,0,0.125,0
2016/2/1,40.2707,0.75,0.875,1
2016/3/1,60.7387,0,0,0
2016/4/1,62.0031,0,0,0
2016/5/1,72.2617,0,0,0
2016/6/1,81.9793,0,0,0
2016/7/1,88.4225,0,0,0
2016/8/1,85.8489,0,0,0
2016/9/1,78.7005,0,0,0
2016/10/1,71.0448,0,0,0
2016/11/1,62.8518,0,0,0
2016/12/1,61.7123,0,0,0
2017/1/1,50.3206,0,1,0.5
2017/2/1,48.8097,-0.25,0,0.5
2017/3/1,64.3025,0,0,0
2017/4/1,63.9516,0,0,0
2017/5/1,73.9755,0,0,0
2017/6/1,89.273,0,0,0
2017/7/1,86.367,0,0,0
2017/8/1,96.1202,0,0,0
2017/9/1,92.163,0,0,0
2017/10/1,74.3622,0,0,0
2017/11/1,64.4714,0,0,0
2017/12/1,65.4698,0,0,0
2018/1/1,67.0607,0,0,0
2018/2/1,44.0731,-0.25,1,1
2018/3/1,65.2671,0,0,0
2018/4/1,66.7084,0,0,0
2018/5/1,92.4033,0,0,0
2018/6/1,89.1538,0,0,0
2018/7/1,101.2814,0,0,0
2018/8/1,99.1995,0,0,0
2018/9/1,89.6207,0,0,0
2018/10/1,73.6824,0,0,0
2018/11/1,69.0357,0,0,0
2018/12/1,71.0062,0,0,0
2019/1/1,66.7853,0,0.5,0
2019/2/1,48.7223,-0.25,0.5,1
2019/3/1,72.9672,0,0,0
2019/4/1,76.5347,0,0,0
2019/5/1,87.1289,0,0,0
2019/6/1,98.0418,0,0,0
2019/7/1,110.0126,0,0,0
2019/8/1,108.8376,0,0,0
2019/9/1,99.4808,0,0,0
2019/10/1,88.6552,0,0,0
2019/11/1,73.7282,0,0,0
2019/12/1,74.6892,0,0,0
2020/1/1,58.6557,0,1,0.875
2020/2/1,44.7376,0.75,0,0.125
2020/3/1,65.9023,0,0,0
2020/4/1,67.1228,0,0,0
2020/5/1,91.189,0,0,0
2020/6/1,100.0161,0,0,0
2020/7/1,119.1228,0,0,0
2020/8/1,108.3131,0,0,0
2020/9/1,101.9537,0,0,0
2020/10/1,81.8159,0,0,0
2020/11/1,78.144,0,0,0
2020/12/1,79.7521,0,0,0
2021/1/1,79.1824,0,0,0
2021/2/1,52.4265,-0.25,1,1
2021/3/1,80.9426,0,0,0
2021/4/1,84.1069,0,0,0
2021/5/1,111.7193,0,0,0
2021/6/1,105.6329,0,0,0
2021/7/1,121.7684,0,0,0
2021/8/1,114.4473,0,0,0
2021/9/1,118.0692,0,0,0
2021/10/1,91.1488,0,0,0
2021/11/1,78.6899,0,0,0
2021/12/1,81.5987,0,0,0
2022/1/1,72.4678,0,1,0
2022/2/1,66.3746,-0.25,0,1
2022/3/1,83.8455,0,0,0
2022/4/1,81.651,0,0,0
2022/5/1,90.7622,0,0,0
2022/6/1,107.054,0,0,0
2022/7/1,127.2628,0,0,0
2022/8/1,119.6646,0,0,0
2022/9/1,118.4321,0,0,0
2022/10/1,93.4404,0,0,0
2022/11/1,78.8787,0,0,0
2022/12/1,78.9271,0,0,0
2023/1/1,63.843,0,1,1
2023/2/1,72.1803,0,0,0
2023/3/1,86.1714,0,0,0
2023/4/1,86.7727,0,0,0
2023/5/1,106.1189,0,0,0
2023/6/1,123.0051,0,0,0
2023/7/1,135.4376,0,0,0
2023/8/1,130.4169,0,0,0
2023/9/1,116.4999,0,0,0
2023/10/1,100.1474,0,0,0
2023/11/1,91.7168,0,0,0
2023/12/1,92.8149,0,0,0
2024/1/1,90.6475,0,0,0
2024/2/1,67.0612,0.75,1,1
2024/3/1,94.4044,0,0,0
2024/4/1,98.9038,0,0,0
2024/5/1,104.5843,0,0,0
2024/6/1,121.1456,0,0,0
2024/7/1,143.2984,0,0,0
2024/8/1,136.2374,0,0,0
2024/9/1,128.9041,0,0,0
2024/10/1,107.6504,0,0,0
2024/11/1,94.6101,0,0,0
2024/12/1,93.2581,0,0,0
2025/1/1,80.9945,0,1,0.375
2025/2/1,74.9441,-0.25,0,0.625
2025/3/1,95.7431,0,0,0
2025/4/1,99.6765,0,0,0
2025/5/1,113.8757,0,0,0
2025/6/1,128.1283,0,0,0
2025/7/1,145.4384,0,0,0
2025/8/1,134.0154,0,0,0
2025/9/1,136.0829,0,0,0
2025/10/1,121.4125,0,0,0
2025/11/1,95.2101,0,0,0
2025/12/1,97.5404,0,0,0
