Dataset,Metric,Model,Metric difference,DM p-value,Bootstrap p-value,Bootstrap 95% CI low,Bootstrap 95% CI high,Block bootstrap 95% CI low,Block bootstrap 95% CI high,Holm-adjusted DM p-value
Changzhou (primary),RMSE,CNN-ATT,2.61,0.0,<0.0001,1.54,3.73,,,0.0
Changzhou (primary),MAE,CNN-ATT,2.64,5e-05,<0.0001,1.61,3.71,,,0.00055
Changzhou (primary),RMSE,X13-CNN-ATT,0.47,0.1846,0.1361,-0.15,1.08,,,0.9294
Changzhou (primary),MAE,X13-CNN-ATT,0.55,0.0613,0.0601,-0.03,1.11,,,0.4904
Changzhou (primary),RMSE,HP-CNN-ATT,0.88,0.1549,0.0766,-0.15,1.79,,,0.9294
Changzhou (primary),MAE,HP-CNN-ATT,0.76,0.0946,0.0676,-0.04,1.58,,,0.5676
Changzhou (primary),RMSE,X13-HP-CNN-B-ATT,0.16,0.5152,0.5050,-0.26,0.67,,,1.0
Changzhou (primary),MAE,X13-HP-CNN-B-ATT,0.26,0.2317,0.2141,-0.12,0.69,,,0.5676
Changzhou (primary),RMSE,X13-HP-CNN-C-ATT,0.06,0.8167,0.8461,-0.57,0.55,,,1.0
Changzhou (primary),MAE,X13-HP-CNN-C-ATT,0.08,0.6802,0.7585,-0.43,0.54,,,0.6802
Changzhou (primary),RMSE,X13-HP-CNN-D-ATT,0.19,0.2819,0.3937,-0.26,0.63,,,0.9294
Changzhou (primary),MAE,X13-HP-CNN-D-ATT,0.26,0.1399,0.2327,-0.17,0.68,,,0.5676
Changzhou (primary),RMSE,X13-HP-CNN-E-ATT,0.35,0.2288,0.1761,-0.12,0.89,,,0.9294
Changzhou (primary),MAE,X13-HP-CNN-E-ATT,0.4,0.1078,0.1014,-0.07,0.88,,,0.5676
Changzhou (primary),RMSE,X13-HP-BiLSTM-ATT,1.29,0.0045,0.0001,0.67,1.95,,,0.045
Changzhou (primary),MAE,X13-HP-BiLSTM-ATT,1.15,0.0022,0.0007,0.48,1.82,,,0.022000000000000002
Changzhou (primary),RMSE,X13-HP-LSTM-ATT,1.39,0.07,0.0153,0.23,2.49,,,0.56
Changzhou (primary),MAE,X13-HP-LSTM-ATT,1.14,0.0327,0.0151,0.25,2.09,,,0.2943
Changzhou (primary),RMSE,X13-HP-RNN-ATT,1.18,0.0492,0.0176,0.22,2.18,,,0.4428
Changzhou (primary),MAE,X13-HP-RNN-ATT,0.88,0.076,0.0473,0.06,1.8,,,0.532
Changzhou (primary),RMSE,X13-HP-CNN-BiLSTM,0.54,0.0942,0.0571,-0.04,1.06,,,0.6594
Changzhou (primary),MAE,X13-HP-CNN-BiLSTM,0.51,0.1003,0.0742,-0.06,1.06,,,0.5676
Guangzhou (cross-city),RMSE,CNN-ATT,2.89,0.0076,0.0022,1.01,4.85,1.3724779706427697,4.557550338241666,0.0836
Guangzhou (cross-city),MAE,CNN-ATT,2.45,0.0039,0.0049,0.75,4.2,1.3907285114583372,3.6343231364583275,0.0429
Guangzhou (cross-city),RMSE,X13-CNN-ATT,1.24,0.0697,0.0124,0.19,2.16,0.2277074561085085,2.014410161388337,0.3485
Guangzhou (cross-city),MAE,X13-CNN-ATT,0.84,0.159,0.0720,-0.07,1.76,-0.1683715010416643,1.8379139260416653,1.0
Guangzhou (cross-city),RMSE,HP-CNN-ATT,1.93,0.0119,0.0148,0.23,3.31,0.5882534138966011,3.0240612260240676,0.11900000000000001
Guangzhou (cross-city),MAE,HP-CNN-ATT,1.07,0.063,0.1884,-0.5,2.66,0.06044016249999812,2.029586481249997,0.567
Guangzhou (cross-city),RMSE,X13-HP-CNN-B-ATT,0.72,0.1721,0.1371,-0.26,1.63,-0.12945110530980916,1.4633128182606308,0.4084
Guangzhou (cross-city),MAE,X13-HP-CNN-B-ATT,0.54,0.2396,0.2644,-0.41,1.48,-0.2191524416666678,1.2531133697916677,1.0
Guangzhou (cross-city),RMSE,X13-HP-CNN-C-ATT,1.26,0.0519,0.0164,0.19,2.22,-0.04406557501966806,2.255958884407211,0.3206
Guangzhou (cross-city),MAE,X13-HP-CNN-C-ATT,0.8,0.1898,0.1676,-0.29,1.94,-0.5147255156249984,1.9667017520833292,1.0
Guangzhou (cross-city),RMSE,X13-HP-CNN-D-ATT,0.86,0.0256,0.0146,0.16,1.51,0.1616688921874444,1.661821999397597,0.23040000000000002
Guangzhou (cross-city),MAE,X13-HP-CNN-D-ATT,0.71,0.0844,0.0696,-0.07,1.46,-0.11893757187500312,1.5303714822916545,0.6752
Guangzhou (cross-city),RMSE,X13-HP-CNN-E-ATT,0.94,0.1028,0.0462,0.04,1.9,-0.15599762435613362,2.0913245726945835,0.4084
Guangzhou (cross-city),MAE,X13-HP-CNN-E-ATT,0.79,0.2077,0.1473,-0.27,1.85,-0.4491709593750018,2.062246907291664,1.0
Guangzhou (cross-city),RMSE,X13-HP-BiLSTM-ATT,2.12,0.026,0.0200,0.52,4.05,0.7618665951031585,3.793669340979005,0.23040000000000002
Guangzhou (cross-city),MAE,X13-HP-BiLSTM-ATT,1.62,0.0233,0.0443,0.17,3.33,0.4019495156250036,2.919614055208332,0.233
Guangzhou (cross-city),RMSE,X13-HP-LSTM-ATT,1.44,0.1021,0.1496,-0.66,3.22,-0.0015078517664154339,2.5485840459896623,0.4084
Guangzhou (cross-city),MAE,X13-HP-LSTM-ATT,0.62,0.3795,0.4415,-0.96,2.24,-0.6306536479166647,1.8171952552083284,1.0
Guangzhou (cross-city),RMSE,X13-HP-RNN-ATT,1.03,0.0458,0.0517,-0.08,2.02,-0.010849610961291467,1.9767682120832437,0.3206
Guangzhou (cross-city),MAE,X13-HP-RNN-ATT,0.72,0.1478,0.1659,-0.3,1.74,-0.2636952625000002,1.6184541614583334,1.0
Guangzhou (cross-city),RMSE,X13-HP-CNN-BiLSTM,-0.37,0.4318,0.5196,-1.41,0.71,-1.318617368920337,0.4774849103591072,0.4318
Guangzhou (cross-city),MAE,X13-HP-CNN-BiLSTM,-0.57,0.2314,0.2324,-1.47,0.42,-1.371641077083332,0.36878662395833733,1.0
